[locus_tag=PMT9312_0030],[protein_id=PMT9312_0030],[gene=None],[protein=transcription factor TFIID (or TatA-b)-like protein]
[locus_tag=PMT9312_0039],[protein_id=PMT9312_0039],[gene=None],[protein=conserved hypothetical protein]
[locus_tag=PMT9312_1970],[protein_id=PMT9312_1970],[gene=None],[protein=Conserved hypothetical protein]
[locus_tag=PMT9312_1971],[protein_id=PMT9312_1971],[gene=None],[protein=Conserved hypothetical protein]
[locus_tag=PMT9312_1972],[protein_id=PMT9312_1972],[gene=None],[protein=Conserved hypothetical protein]
[locus_tag=PMT9312_0057],[protein_id=PMT9312_0057],[gene=None],[protein=conserved hypothetical protein]
[locus_tag=PMT9312_0064],[protein_id=PMT9312_0064],[gene=None],[protein=hypothetical protein]
[locus_tag=PMT9312_0068],[protein_id=PMT9312_0068],[gene=None],[protein=conserved hypothetical protein]
[locus_tag=PMT9312_0081],[protein_id=PMT9312_0081],[gene=None],[protein=4'-phosphopantetheinyl transferase family protein-like protein]
[locus_tag=PMT9312_0092],[protein_id=PMT9312_0092],[gene=None],[protein=hypothetical protein]
[locus_tag=PMT9312_1973],[protein_id=PMT9312_1973],[gene=None],[protein=Conserved hypothetical protein]
[locus_tag=PMT9312_0098],[protein_id=PMT9312_0098],[gene=None],[protein=conserved hypothetical protein]
[locus_tag=PMT9312_1975],[protein_id=PMT9312_1975],[gene=None],[protein=Conserved hypothetical protein]
[locus_tag=PMT9312_1976],[protein_id=PMT9312_1976],[gene=None],[protein=Conserved hypothetical protein]
[locus_tag=PMT9312_0129],[protein_id=PMT9312_0129],[gene=None],[protein=signal peptide binding domain-like protein]
[locus_tag=PMT9312_1977],[protein_id=PMT9312_1977],[gene=None],[protein=Conserved hypothetical protein]
[locus_tag=PMT9312_0164],[protein_id=PMT9312_0164],[gene=None],[protein=hypothetical precursor]
[locus_tag=PMT9312_0214],[protein_id=PMT9312_0214],[gene=None],"[protein=nitrogen regulatory protein P-II (GlnB, GlnK)]"
[locus_tag=PMT9312_0215],[protein_id=PMT9312_0215],[gene=None],[protein=putative sodium-dependent bicarbonate transporter]
[locus_tag=PMT9312_0239],[protein_id=PMT9312_0239],[gene=None],[protein=conserved hypothetical protein]
[locus_tag=PMT9312_0289],[protein_id=PMT9312_0289],[gene=None],[protein=2-amino-4-hydroxy-6-hydroxymethyldihydropteridine pyrophosphokinase]
[locus_tag=PMT9312_1818],[protein_id=PMT9312_1818],[gene=None],[protein=Conserved hypothetical protein]
[locus_tag=PMT9312_0309],[protein_id=PMT9312_0309],[gene=None],[protein=conserved hypothetical protein]
[locus_tag=PMT9312_0312],[protein_id=PMT9312_0312],[gene=None],[protein=hypothetical protein]
[locus_tag=PMT9312_0313],[protein_id=PMT9312_0313],[gene=None],[protein=conserved hypothetical protein]
[locus_tag=PMT9312_0314],[protein_id=PMT9312_0314],[gene=None],[protein=conserved hypothetical protein]
[locus_tag=PMT9312_0315],[protein_id=PMT9312_0315],[gene=None],[protein=carbamoyltransferase]
[locus_tag=PMT9312_1819],[protein_id=PMT9312_1819],[gene=None],[protein=Conserved hypothetical protein]
[locus_tag=PMT9312_1820],[protein_id=PMT9312_1820],[gene=None],[protein=Conserved hypothetical protein]
[locus_tag=PMT9312_1821],[protein_id=PMT9312_1821],[gene=None],[protein=Conserved hypothetical protein]
[locus_tag=PMT9312_0342],[protein_id=PMT9312_0342],[gene=None],[protein=hypothetical protein]
[locus_tag=PMT9312_1822],[protein_id=PMT9312_1822],[gene=None],[protein=Conserved hypothetical protein]
[locus_tag=PMT9312_1823],[protein_id=PMT9312_1823],[gene=None],[protein=Conserved hypothetical protein]
[locus_tag=PMT9312_1824],[protein_id=PMT9312_1824],[gene=None],[protein=Conserved hypothetical protein]
[locus_tag=PMT9312_0348],[protein_id=PMT9312_0348],[gene=None],[protein=helper component proteinase-like protein]
[locus_tag=PMT9312_0349],[protein_id=PMT9312_0349],[gene=None],[protein=conserved hypothetical protein]
[locus_tag=PMT9312_0351],[protein_id=PMT9312_0351],[gene=None],[protein=protein family PM-16]
[locus_tag=PMT9312_0352],[protein_id=PMT9312_0352],[gene=None],[protein=influenza non-structural protein (NS2)-like protein]
[locus_tag=PMT9312_1825],[protein_id=PMT9312_1825],[gene=None],[protein=Conserved hypothetical protein]
[locus_tag=PMT9312_1826],[protein_id=PMT9312_1826],[gene=None],[protein=Conserved hypothetical protein]
[locus_tag=PMT9312_0356],[protein_id=PMT9312_0356],[gene=None],[protein=spectrin repeat protein-like protein]
[locus_tag=PMT9312_1827],[protein_id=PMT9312_1827],[gene=None],[protein=Conserved hypothetical protein]
[locus_tag=PMT9312_1828],[protein_id=PMT9312_1828],[gene=None],[protein=Conserved hypothetical protein]
[locus_tag=PMT9312_1829],[protein_id=PMT9312_1829],[gene=None],[protein=Conserved hypothetical protein]
[locus_tag=PMT9312_1830],[protein_id=PMT9312_1830],[gene=None],[protein=Conserved hypothetical protein]
[locus_tag=PMT9312_0360],[protein_id=PMT9312_0360],[gene=None],"[protein=prolyl aminopeptidase, Serine peptidase, MEROPS family S33]"
[locus_tag=PMT9312_1831],[protein_id=PMT9312_1831],[gene=None],[protein=Conserved hypothetical protein]
[locus_tag=PMT9312_0361],[protein_id=PMT9312_0361],[gene=None],"[protein=putative transcriptional activator, TenA family]"
[locus_tag=PMT9312_0362],[protein_id=PMT9312_0362],[gene=None],[protein=Phosphomethylpyrimidine kinase]
[locus_tag=PMT9312_0363],[protein_id=PMT9312_0363],[gene=None],[protein=conserved hypothetical protein]
[locus_tag=PMT9312_1832],[protein_id=PMT9312_1832],[gene=None],[protein=Conserved hypothetical protein]
[locus_tag=PMT9312_0365],[protein_id=PMT9312_0365],[gene=None],[protein=phosphoenolpyruvate carboxykinase-like protein]
[locus_tag=PMT9312_1833],[protein_id=PMT9312_1833],[gene=None],[protein=Conserved hypothetical protein]
[locus_tag=PMT9312_0366],[protein_id=PMT9312_0366],[gene=None],[protein=conserved hypothetical protein]
[locus_tag=PMT9312_0367],[protein_id=PMT9312_0367],[gene=None],[protein=conserved hypothetical protein]
[locus_tag=PMT9312_0368],[protein_id=PMT9312_0368],[gene=None],[protein=hypothetical protein]
[locus_tag=PMT9312_0369],[protein_id=PMT9312_0369],[gene=None],[protein=hypothetical protein]
[locus_tag=PMT9312_1834],[protein_id=PMT9312_1834],[gene=None],[protein=Conserved hypothetical protein]
[locus_tag=PMT9312_0370],[protein_id=PMT9312_0370],[gene=None],[protein=putative periplasmic protein]
[locus_tag=PMT9312_0371],[protein_id=PMT9312_0371],[gene=None],[protein=hypothetical protein]
[locus_tag=PMT9312_0372],[protein_id=PMT9312_0372],[gene=None],[protein=T/G mismatch-specific endonuclease]
[locus_tag=PMT9312_0373],[protein_id=PMT9312_0373],[gene=None],[protein=endonuclease]
[locus_tag=PMT9312_0374],[protein_id=PMT9312_0374],[gene=None],[protein=hypothetical protein]
[locus_tag=PMT9312_0375],[protein_id=PMT9312_0375],[gene=None],[protein=hypothetical protein]
[locus_tag=PMT9312_0376],[protein_id=PMT9312_0376],[gene=None],[protein=hypothetical protein]
[locus_tag=PMT9312_0377],[protein_id=PMT9312_0377],[gene=None],[protein=hypothetical protein]
[locus_tag=PMT9312_0378],[protein_id=PMT9312_0378],[gene=None],[protein=DNA-cytosine methyltransferase]
[locus_tag=PMT9312_0379],[protein_id=PMT9312_0379],[gene=None],[protein=hypothetical protein]
[locus_tag=PMT9312_0380],[protein_id=PMT9312_0380],[gene=None],[protein=hypothetical protein]
[locus_tag=PMT9312_0381],[protein_id=PMT9312_0381],[gene=None],[protein=hypothetical protein]
[locus_tag=PMT9312_0382],[protein_id=PMT9312_0382],[gene=None],[protein=putative site-specific integrase/recombinase]
[locus_tag=PMT9312_0413],[protein_id=PMT9312_0413],[gene=None],[protein=conserved hypothetical protein]
[locus_tag=PMT9312_0419],[protein_id=PMT9312_0419],[gene=None],[protein=hypothetical protein]
[locus_tag=PMT9312_0422],[protein_id=PMT9312_0422],[gene=None],[protein=conserved hypothetical protein]
[locus_tag=PMT9312_0431],[protein_id=PMT9312_0431],[gene=None],[protein=conserved hypothetical protein]
[locus_tag=PMT9312_0436],[protein_id=PMT9312_0436],[gene=None],[protein=conserved hypothetical protein]
[locus_tag=PMT9312_0450],[protein_id=PMT9312_0450],[gene=None],[protein=arenavirus glycoprotein-like protein]
[locus_tag=PMT9312_0465],[protein_id=PMT9312_0465],[gene=None],[protein=conserved hypothetical protein]
[locus_tag=PMT9312_0511],[protein_id=PMT9312_0511],[gene=None],[protein=reverse transcriptase (RNA-dependent)-like protein]
[locus_tag=PMT9312_0517],[protein_id=PMT9312_0517],[gene=None],[protein=conserved hypothetical protein]
[locus_tag=PMT9312_0540],[protein_id=PMT9312_0540],[gene=None],[protein=photosystem I reaction center subunit XII (PsaM)-like protein]
[locus_tag=PMT9312_1835],[protein_id=PMT9312_1835],[gene=None],[protein=Conserved hypothetical protein]
[locus_tag=PMT9312_0624],[protein_id=PMT9312_0624],[gene=None],[protein=hantavirus glycoprotein G2-like protein]
[locus_tag=PMT9312_0626],[protein_id=PMT9312_0626],[gene=None],[protein=conserved hypothetical protein]
[locus_tag=PMT9312_1836],[protein_id=PMT9312_1836],[gene=None],[protein=Conserved hypothetical protein]
[locus_tag=PMT9312_0628],[protein_id=PMT9312_0628],[gene=None],"[protein=sodium:solute symporter, ESS family-like protein]"
[locus_tag=PMT9312_0631],[protein_id=PMT9312_0631],[gene=None],[protein=NADH-ubiquinone/plastoquinone-like protein]
[locus_tag=PMT9312_1837],[protein_id=PMT9312_1837],[gene=None],[protein=Hypothetical protein]
[locus_tag=PMT9312_0636],[protein_id=PMT9312_0636],[gene=None],[protein=isochorismatase hydrolase family]
[locus_tag=PMT9312_0654],[protein_id=PMT9312_0654],[gene=None],[protein=conserved hypothetical protein]
[locus_tag=PMT9312_0655],[protein_id=PMT9312_0655],[gene=None],[protein=hypothetical protein]
[locus_tag=PMT9312_1838],[protein_id=PMT9312_1838],[gene=None],[protein=Conserved hypothetical protein]
[locus_tag=PMT9312_1811],[protein_id=PMT9312_1811],[gene=None],[protein=hypothetical protein]
[locus_tag=PMT9312_0657],[protein_id=PMT9312_0657],[gene=None],[protein=hypothetical protein]
[locus_tag=PMT9312_0658],[protein_id=PMT9312_0658],[gene=None],[protein=hypothetical protein]
[locus_tag=PMT9312_0659],[protein_id=PMT9312_0659],[gene=None],[protein=hypothetical protein]
[locus_tag=PMT9312_1839],[protein_id=PMT9312_1839],[gene=None],[protein=Conserved hypothetical protein]
[locus_tag=PMT9312_1840],[protein_id=PMT9312_1840],[gene=None],[protein=Conserved hypothetical protein]
[locus_tag=PMT9312_0660],[protein_id=PMT9312_0660],[gene=None],[protein=RNA recognition motif protein-like protein]
[locus_tag=PMT9312_1841],[protein_id=PMT9312_1841],[gene=None],[protein=Conserved hypothetical protein]
[locus_tag=PMT9312_1842],[protein_id=PMT9312_1842],[gene=None],[protein=Conserved hypothetical protein]
[locus_tag=PMT9312_0685],[protein_id=PMT9312_0685],[gene=None],[protein=M protein repeat-like protein]
[locus_tag=PMT9312_0686],[protein_id=PMT9312_0686],[gene=None],[protein=high light inducible protein-like protein]
[locus_tag=PMT9312_1843],[protein_id=PMT9312_1843],[gene=None],[protein=Conserved hypothetical protein]
[locus_tag=PMT9312_0687],[protein_id=PMT9312_0687],[gene=None],[protein=high light inducible protein-like protein]
[locus_tag=PMT9312_0688],[protein_id=PMT9312_0688],[gene=None],[protein=high light inducible protein-like protein]
[locus_tag=PMT9312_0689],[protein_id=PMT9312_0689],[gene=None],[protein=hypothetical protein]
[locus_tag=PMT9312_0690],[protein_id=PMT9312_0690],[gene=None],[protein=hypothetical protein]
[locus_tag=PMT9312_0691],[protein_id=PMT9312_0691],[gene=None],[protein=conserved hypothetical protein]
[locus_tag=PMT9312_0692],[protein_id=PMT9312_0692],[gene=None],[protein=conserved hypothetical protein]
[locus_tag=PMT9312_0693],[protein_id=PMT9312_0693],[gene=None],[protein=conserved hypothetical protein]
[locus_tag=PMT9312_1844],[protein_id=PMT9312_1844],[gene=None],[protein=Conserved hypothetical protein]
[locus_tag=PMT9312_1845],[protein_id=PMT9312_1845],[gene=None],[protein=Conserved hypothetical protein]
[locus_tag=PMT9312_1846],[protein_id=PMT9312_1846],[gene=None],[protein=Conserved hypothetical protein]
[locus_tag=PMT9312_1847],[protein_id=PMT9312_1847],[gene=None],[protein=Conserved hypothetical protein]
[locus_tag=PMT9312_0695],[protein_id=PMT9312_0695],[gene=None],[protein=notch (DSL) domain-like protein]
[locus_tag=PMT9312_0697],[protein_id=PMT9312_0697],[gene=None],"[protein=zinc finger, C2H2 type-like protein]"
[locus_tag=PMT9312_1848],[protein_id=PMT9312_1848],[gene=None],[protein=Conserved hypothetical protein]
[locus_tag=PMT9312_0699],[protein_id=PMT9312_0699],[gene=None],[protein=conserved hypothetical protein]
[locus_tag=PMT9312_0700],[protein_id=PMT9312_0700],[gene=None],[protein=high light inducible protein-like protein]
[locus_tag=PMT9312_1849],[protein_id=PMT9312_1849],[gene=None],[protein=Conserved hypothetical protein]
[locus_tag=PMT9312_0701],[protein_id=PMT9312_0701],[gene=None],[protein=hypothetical protein]
[locus_tag=PMT9312_0703],[protein_id=PMT9312_0703],[gene=None],[protein=DDT domain protein-like protein]
[locus_tag=PMT9312_1850],[protein_id=PMT9312_1850],[gene=None],[protein=Conserved hypothetical protein]
[locus_tag=PMT9312_1851],[protein_id=PMT9312_1851],[gene=None],[protein=Conserved hypothetical protein]
[locus_tag=PMT9312_0706],[protein_id=PMT9312_0706],[gene=None],[protein=conserved hypothetical protein]
[locus_tag=PMT9312_0707],[protein_id=PMT9312_0707],[gene=None],[protein=D12 class N6 adenine-specific DNA met-like protein]
[locus_tag=PMT9312_0708],[protein_id=PMT9312_0708],[gene=None],[protein=protein family PM-16]
[locus_tag=PMT9312_0709],[protein_id=PMT9312_0709],[gene=None],[protein=DnaJ central domain protein (4 repeats)-like protein]
[locus_tag=PMT9312_1852],[protein_id=PMT9312_1852],[gene=None],[protein=Conserved hypothetical protein]
[locus_tag=PMT9312_1853],[protein_id=PMT9312_1853],[gene=None],[protein=Conserved hypothetical protein]
[locus_tag=PMT9312_0712],[protein_id=PMT9312_0712],[gene=None],[protein=LysM domain-like protein]
[locus_tag=PMT9312_0713],[protein_id=PMT9312_0713],[gene=None],[protein=DUP family-like protein]
[locus_tag=PMT9312_1854],[protein_id=PMT9312_1854],[gene=None],[protein=Conserved hypothetical protein]
[locus_tag=PMT9312_1855],[protein_id=PMT9312_1855],[gene=None],[protein=Conserved hypothetical protein]
[locus_tag=PMT9312_1856],[protein_id=PMT9312_1856],[gene=None],[protein=Conserved hypothetical protein]
[locus_tag=PMT9312_0719],[protein_id=PMT9312_0719],[gene=None],[protein=lipoprotein-like protein]
[locus_tag=PMT9312_0720],[protein_id=PMT9312_0720],[gene=None],[protein=putative secreted protein]
[locus_tag=PMT9312_1857],[protein_id=PMT9312_1857],[gene=None],[protein=Conserved hypothetical protein]
[locus_tag=PMT9312_1858],[protein_id=PMT9312_1858],[gene=None],[protein=Conserved hypothetical protein]
[locus_tag=PMT9312_1859],[protein_id=PMT9312_1859],[gene=None],[protein=Conserved hypothetical protein]
[locus_tag=PMT9312_0730],[protein_id=PMT9312_0730],[gene=None],[protein=conserved hypothetical protein]
[locus_tag=PMT9312_0735],[protein_id=PMT9312_0735],[gene=None],[protein=ComC family-like protein]
[locus_tag=PMT9312_0736],[protein_id=PMT9312_0736],[gene=None],[protein=major surface glycoprotein-like protein]
[locus_tag=PMT9312_0738],[protein_id=PMT9312_0738],[gene=None],"[protein=helix-turn-helix protein, CopG family-like protein]"
[locus_tag=PMT9312_1860],[protein_id=PMT9312_1860],[gene=None],[protein=Conserved hypothetical protein]
[locus_tag=PMT9312_0742],[protein_id=PMT9312_0742],[gene=None],[protein=hypothetical protein]
[locus_tag=PMT9312_1861],[protein_id=PMT9312_1861],[gene=None],[protein=Conserved hypothetical protein]
[locus_tag=PMT9312_0743],[protein_id=PMT9312_0743],[gene=None],[protein=alpha-2-macroglobulin family protein-like protein]
[locus_tag=PMT9312_0745],[protein_id=PMT9312_0745],[gene=None],[protein=conserved hypothetical membrane protein]
[locus_tag=PMT9312_1862],[protein_id=PMT9312_1862],[gene=None],[protein=Conserved hypothetical protein]
[locus_tag=PMT9312_0763],[protein_id=PMT9312_0763],[gene=None],[protein=adenylate cyclase-like protein]
[locus_tag=PMT9312_1863],[protein_id=PMT9312_1863],[gene=None],[protein=Conserved hypothetical protein]
[locus_tag=PMT9312_0813],[protein_id=PMT9312_0813],[gene=None],[protein=conserved hypothetical protein]
[locus_tag=PMT9312_0818],[protein_id=PMT9312_0818],[gene=None],[protein=conserved hypothetical protein]
[locus_tag=PMT9312_0819],[protein_id=PMT9312_0819],[gene=None],[protein=S1 RNA binding domain-like protein]
[locus_tag=PMT9312_1864],[protein_id=PMT9312_1864],[gene=None],[protein=Conserved hypothetical protein]
[locus_tag=PMT9312_1865],[protein_id=PMT9312_1865],[gene=None],[protein=Conserved hypothetical protein]
[locus_tag=PMT9312_0820],[protein_id=PMT9312_0820],[gene=None],[protein=conserved hypothetical protein]
[locus_tag=PMT9312_1866],[protein_id=PMT9312_1866],[gene=None],[protein=Conserved hypothetical protein]
[locus_tag=PMT9312_0821],[protein_id=PMT9312_0821],[gene=None],[protein=BdrC3-like protein]
[locus_tag=PMT9312_0822],[protein_id=PMT9312_0822],[gene=None],[protein=conserved hypothetical protein]
[locus_tag=PMT9312_0823],[protein_id=PMT9312_0823],[gene=None],[protein=hypothetical protein]
[locus_tag=PMT9312_1867],[protein_id=PMT9312_1867],[gene=None],[protein=Conserved hypothetical protein]
[locus_tag=PMT9312_0858],[protein_id=PMT9312_0858],[gene=None],[protein=cAMP phosphodiesterases class-II-like protein]
[locus_tag=PMT9312_0861],[protein_id=PMT9312_0861],[gene=None],[protein=serine hydroxymethyltransferase-like protein]
[locus_tag=PMT9312_0865],[protein_id=PMT9312_0865],[gene=None],[protein=conserved hypothetical protein]
[locus_tag=PMT9312_1868],[protein_id=PMT9312_1868],[gene=None],[protein=Conserved hypothetical protein]
[locus_tag=PMT9312_0941],[protein_id=PMT9312_0941],[gene=None],[protein=conserved hypothetical protein]
[locus_tag=PMT9312_1869],[protein_id=PMT9312_1869],[gene=None],[protein=Conserved hypothetical protein]
[locus_tag=PMT9312_1870],[protein_id=PMT9312_1870],[gene=None],[protein=Conserved hypothetical protein]
[locus_tag=PMT9312_0942],[protein_id=PMT9312_0942],[gene=None],[protein=hypothetical protein]
[locus_tag=PMT9312_1871],[protein_id=PMT9312_1871],[gene=None],[protein=Conserved hypothetical protein]
[locus_tag=PMT9312_1872],[protein_id=PMT9312_1872],[gene=None],[protein=Hypothetical protein]
[locus_tag=PMT9312_0943],[protein_id=PMT9312_0943],[gene=None],[protein=influenza RNA-dependent RNA polymerase-like protein]
[locus_tag=PMT9312_1873],[protein_id=PMT9312_1873],[gene=None],[protein=Conserved hypothetical protein]
[locus_tag=PMT9312_1874],[protein_id=PMT9312_1874],[gene=None],[protein=Conserved hypothetical protein]
[locus_tag=PMT9312_0945],[protein_id=PMT9312_0945],[gene=None],[protein=conserved hypothetical protein]
[locus_tag=PMT9312_0948],[protein_id=PMT9312_0948],[gene=None],[protein=conserved hypothetical protein]
[locus_tag=PMT9312_0954],[protein_id=PMT9312_0954],[gene=None],[protein=uncharacterized secreted protein]
[locus_tag=PMT9312_1875],[protein_id=PMT9312_1875],[gene=None],[protein=Conserved hypothetical protein]
[locus_tag=PMT9312_0962],[protein_id=PMT9312_0962],[gene=None],[protein=nucleoside diphosphate kinase-like protein]
[locus_tag=PMT9312_1876],[protein_id=PMT9312_1876],[gene=None],[protein=Conserved hypothetical protein]
[locus_tag=PMT9312_0984],[protein_id=PMT9312_0984],[gene=None],[protein=conserved hypothetical protein]
[locus_tag=PMT9312_0985],[protein_id=PMT9312_0985],[gene=None],[protein=conserved hypothetical protein]
[locus_tag=PMT9312_1877],[protein_id=PMT9312_1877],[gene=None],[protein=Conserved hypothetical protein]
[locus_tag=PMT9312_0988],[protein_id=PMT9312_0988],[gene=None],[protein=ATP synthase protein 8-like protein]
[locus_tag=PMT9312_1878],[protein_id=PMT9312_1878],[gene=None],[protein=Conserved hypothetical protein]
[locus_tag=PMT9312_0989],[protein_id=PMT9312_0989],[gene=None],[protein=conserved hypothetical protein]
[locus_tag=PMT9312_0990],[protein_id=PMT9312_0990],[gene=None],[protein=josephin-like protein]
[locus_tag=PMT9312_1879],[protein_id=PMT9312_1879],[gene=None],[protein=Conserved hypothetical protein]
[locus_tag=PMT9312_0994],[protein_id=PMT9312_0994],[gene=None],"[protein=Helix-hairpin-helix DNA-binding, class 1]"
[locus_tag=PMT9312_0995],[protein_id=PMT9312_0995],[gene=None],[protein=uridine kinase]
[locus_tag=PMT9312_0997],[protein_id=PMT9312_0997],[gene=None],[protein=paired amphipathic helix repeat-like protein]
[locus_tag=PMT9312_0998],[protein_id=PMT9312_0998],[gene=None],[protein=conserved hypothetical protein]
[locus_tag=PMT9312_1000],[protein_id=PMT9312_1000],[gene=None],[protein=conserved hypothetical protein]
[locus_tag=PMT9312_1002],[protein_id=PMT9312_1002],[gene=None],[protein=conserved hypothetical protein]
[locus_tag=PMT9312_1880],[protein_id=PMT9312_1880],[gene=None],[protein=Conserved hypothetical protein]
[locus_tag=PMT9312_1881],[protein_id=PMT9312_1881],[gene=None],[protein=Hypothetical protein]
[locus_tag=PMT9312_1004],[protein_id=PMT9312_1004],[gene=None],[protein=protein of unknown function DUF67]
[locus_tag=PMT9312_1005],[protein_id=PMT9312_1005],[gene=None],[protein=conserved hypothetical protein]
[locus_tag=PMT9312_1007],[protein_id=PMT9312_1007],[gene=None],[protein=conserved hypothetical protein]
[locus_tag=PMT9312_1010],[protein_id=PMT9312_1010],[gene=None],[protein=conserved hypothetical protein]
[locus_tag=PMT9312_1012],[protein_id=PMT9312_1012],[gene=None],[protein=photosystem II reaction center N protein-like protein]
[locus_tag=PMT9312_1013],[protein_id=PMT9312_1013],[gene=None],[protein=hypothetical protein]
[locus_tag=PMT9312_1015],[protein_id=PMT9312_1015],[gene=None],[protein=Legume lectins alpha domain-like protein]
[locus_tag=PMT9312_1017],[protein_id=PMT9312_1017],[gene=None],[protein=conserved hypothetical protein]
[locus_tag=PMT9312_1018],[protein_id=PMT9312_1018],[gene=None],[protein=conserved hypothetical protein]
[locus_tag=PMT9312_1882],[protein_id=PMT9312_1882],[gene=None],[protein=Conserved hypothetical protein]
[locus_tag=PMT9312_1021],[protein_id=PMT9312_1021],[gene=None],[protein=conserved hypothetical protein]
[locus_tag=PMT9312_1022],[protein_id=PMT9312_1022],[gene=None],[protein=conserved hypothetical protein]
[locus_tag=PMT9312_1024],[protein_id=PMT9312_1024],[gene=None],[protein=hypothetical protein]
[locus_tag=PMT9312_1883],[protein_id=PMT9312_1883],[gene=None],[protein=Hypothetical protein]
[locus_tag=PMT9312_1885],[protein_id=PMT9312_1885],[gene=None],[protein=Conserved hypothetical protein]
[locus_tag=PMT9312_1028],[protein_id=PMT9312_1028],[gene=None],[protein=virion host shutoff protein-like protein]
[locus_tag=PMT9312_1029],[protein_id=PMT9312_1029],[gene=None],[protein=conserved hypothetical protein]
[locus_tag=PMT9312_1886],[protein_id=PMT9312_1886],[gene=None],[protein=Conserved hypothetical protein]
[locus_tag=PMT9312_1887],[protein_id=PMT9312_1887],[gene=None],[protein=Conserved hypothetical protein]
[locus_tag=PMT9312_1888],[protein_id=PMT9312_1888],[gene=None],[protein=Conserved hypothetical protein]
[locus_tag=PMT9312_1889],[protein_id=PMT9312_1889],[gene=None],[protein=Conserved hypothetical protein]
[locus_tag=PMT9312_1031],[protein_id=PMT9312_1031],[gene=None],[protein=gram-negative pili assembly chaperone-like protein]
[locus_tag=PMT9312_1032],[protein_id=PMT9312_1032],[gene=None],[protein=conserved hypothetical protein]
[locus_tag=PMT9312_1890],[protein_id=PMT9312_1890],[gene=None],[protein=Conserved hypothetical protein]
[locus_tag=PMT9312_1033],[protein_id=PMT9312_1033],[gene=None],[protein=hypothetical protein]
[locus_tag=PMT9312_1034],[protein_id=PMT9312_1034],[gene=None],[protein=conserved hypothetical protein]
[locus_tag=PMT9312_1035],[protein_id=PMT9312_1035],[gene=None],"[protein=lactate/malate dehydrogenase, alpha/b-like protein]"
[locus_tag=PMT9312_1036],[protein_id=PMT9312_1036],[gene=None],[protein=putative stress-induced protein OsmC]
[locus_tag=PMT9312_1891],[protein_id=PMT9312_1891],[gene=None],[protein=Conserved hypothetical protein]
[locus_tag=PMT9312_1037],[protein_id=PMT9312_1037],[gene=None],[protein=hypothetical protein]
[locus_tag=PMT9312_1892],[protein_id=PMT9312_1892],[gene=None],[protein=Conserved hypothetical protein]
[locus_tag=PMT9312_1893],[protein_id=PMT9312_1893],[gene=None],[protein=Conserved hypothetical protein]
[locus_tag=PMT9312_1894],[protein_id=PMT9312_1894],[gene=None],[protein=Conserved hypothetical protein]
[locus_tag=PMT9312_1043],[protein_id=PMT9312_1043],[gene=None],"[protein=ABC transporter, substrate binding protein, possibly Mn]"
[locus_tag=PMT9312_1045],[protein_id=PMT9312_1045],[gene=None],[protein=WD-40 repeat-containing protein]
[locus_tag=PMT9312_1896],[protein_id=PMT9312_1896],[gene=None],[protein=Conserved hypothetical protein]
[locus_tag=PMT9312_1046],[protein_id=PMT9312_1046],[gene=None],"[protein=DNA gyrase/topoisomerase IV, subunit-like protein]"
[locus_tag=PMT9312_1047],[protein_id=PMT9312_1047],[gene=None],[protein=conserved hypothetical protein]
[locus_tag=PMT9312_1897],[protein_id=PMT9312_1897],[gene=None],[protein=Conserved hypothetical protein]
[locus_tag=PMT9312_1054],[protein_id=PMT9312_1054],[gene=None],[protein=lipoprotein-like protein]
[locus_tag=PMT9312_1898],[protein_id=PMT9312_1898],[gene=None],[protein=Conserved hypothetical protein]
[locus_tag=PMT9312_1069],[protein_id=PMT9312_1069],[gene=None],"[protein=cytochrome b6/f complex, subunit V]"
[locus_tag=PMT9312_1078],[protein_id=PMT9312_1078],[gene=None],[protein=adenoviral fiber protein-like protein]
[locus_tag=PMT9312_1899],[protein_id=PMT9312_1899],[gene=None],[protein=Conserved hypothetical protein]
[locus_tag=PMT9312_1093],[protein_id=PMT9312_1093],[gene=None],[protein=hypothetical protein]
[locus_tag=PMT9312_1128],[protein_id=PMT9312_1128],[gene=None],[protein=photosystem II reaction center Y protein (PsbY)-like protein]
[locus_tag=PMT9312_1129],[protein_id=PMT9312_1129],[gene=None],[protein=hypothetical protein]
[locus_tag=PMT9312_1900],[protein_id=PMT9312_1900],[gene=None],[protein=Conserved hypothetical protein]
[locus_tag=PMT9312_1901],[protein_id=PMT9312_1901],[gene=None],[protein=Hypothetical protein]
[locus_tag=PMT9312_1902],[protein_id=PMT9312_1902],[gene=None],[protein=Conserved hypothetical protein]
[locus_tag=PMT9312_1132],[protein_id=PMT9312_1132],[gene=None],[protein=hypothetical protein]
[locus_tag=PMT9312_1134],[protein_id=PMT9312_1134],[gene=None],[protein=conserved hypothetical protein]
[locus_tag=PMT9312_1135],[protein_id=PMT9312_1135],[gene=None],[protein=protein family PM-13]
[locus_tag=PMT9312_1136],[protein_id=PMT9312_1136],[gene=None],[protein=hypothetical protein]
[locus_tag=PMT9312_1137],[protein_id=PMT9312_1137],[gene=None],[protein=hypothetical protein]
[locus_tag=PMT9312_1139],[protein_id=PMT9312_1139],[gene=None],[protein=hypothetical protein]
[locus_tag=PMT9312_1903],[protein_id=PMT9312_1903],[gene=None],[protein=Hypothetical protein]
[locus_tag=PMT9312_1140],[protein_id=PMT9312_1140],[gene=None],[protein=hypothetical protein]
[locus_tag=PMT9312_1141],[protein_id=PMT9312_1141],[gene=None],[protein=hypothetical protein]
[locus_tag=PMT9312_1142],[protein_id=PMT9312_1142],[gene=None],[protein=hypothetical protein]
[locus_tag=PMT9312_1143],[protein_id=PMT9312_1143],[gene=None],[protein=high light inducible protein-like protein]
[locus_tag=PMT9312_1145],[protein_id=PMT9312_1145],[gene=None],[protein=hypothetical protein]
[locus_tag=PMT9312_1904],[protein_id=PMT9312_1904],[gene=None],[protein=Hypothetical protein]
[locus_tag=PMT9312_1146],[protein_id=PMT9312_1146],[gene=None],[protein=hypothetical protein]
[locus_tag=PMT9312_1147],[protein_id=PMT9312_1147],[gene=None],[protein=hypothetical protein]
[locus_tag=PMT9312_1148],[protein_id=PMT9312_1148],[gene=None],[protein=hypothetical protein]
[locus_tag=PMT9312_1149],[protein_id=PMT9312_1149],[gene=None],[protein=protein with signal peptide]
[locus_tag=PMT9312_1150],[protein_id=PMT9312_1150],[gene=None],[protein=uncharacterized conserved protein containing SWIM-like Zn-finger]
[locus_tag=PMT9312_1151],[protein_id=PMT9312_1151],[gene=None],[protein=RNA-directed DNA polymerase]
[locus_tag=PMT9312_1152],[protein_id=PMT9312_1152],[gene=None],[protein=hypothetical protein]
[locus_tag=PMT9312_1153],[protein_id=PMT9312_1153],[gene=None],[protein=hypothetical protein]
[locus_tag=PMT9312_1154],[protein_id=PMT9312_1154],[gene=None],[protein=hypothetical protein]
[locus_tag=PMT9312_1155],[protein_id=PMT9312_1155],[gene=None],[protein=ATP-dependent DNA ligase]
[locus_tag=PMT9312_1156],[protein_id=PMT9312_1156],[gene=None],[protein=protein family PM-12]
[locus_tag=PMT9312_1157],[protein_id=PMT9312_1157],[gene=None],[protein=hypothetical protein]
[locus_tag=PMT9312_1905],[protein_id=PMT9312_1905],[gene=None],[protein=Conserved hypothetical protein]
[locus_tag=PMT9312_1158],[protein_id=PMT9312_1158],[gene=None],[protein=vanadium/alternative nitrogenase delta-like protein]
[locus_tag=PMT9312_1906],[protein_id=PMT9312_1906],[gene=None],[protein=Conserved hypothetical protein]
[locus_tag=PMT9312_1160],[protein_id=PMT9312_1160],[gene=None],[protein=virion host shutoff protein-like protein]
[locus_tag=PMT9312_1907],[protein_id=PMT9312_1907],[gene=None],[protein=Conserved hypothetical protein]
[locus_tag=PMT9312_1161],[protein_id=PMT9312_1161],[gene=None],[protein=cytochrome oxidase C subunit VIb-like protein]
[locus_tag=PMT9312_1162],[protein_id=PMT9312_1162],[gene=None],[protein=hypothetical protein]
[locus_tag=PMT9312_1163],[protein_id=PMT9312_1163],[gene=None],[protein=hypothetical protein]
[locus_tag=PMT9312_1164],[protein_id=PMT9312_1164],[gene=None],[protein=sulfotransferase family protein]
[locus_tag=PMT9312_1908],[protein_id=PMT9312_1908],[gene=None],[protein=Conserved hypothetical protein]
[locus_tag=PMT9312_1909],[protein_id=PMT9312_1909],[gene=None],[protein=Hypothetical protein]
[locus_tag=PMT9312_1169],[protein_id=PMT9312_1169],[gene=None],[protein=NADPH-dependent reductase]
[locus_tag=PMT9312_1170],[protein_id=PMT9312_1170],[gene=None],[protein=conserved hypothetical protein]
[locus_tag=PMT9312_1171],[protein_id=PMT9312_1171],[gene=None],[protein=hypothetical protein]
[locus_tag=PMT9312_1910],[protein_id=PMT9312_1910],[gene=None],[protein=Conserved hypothetical protein]
[locus_tag=PMT9312_1173],[protein_id=PMT9312_1173],[gene=None],[protein=high light inducible protein-like protein]
[locus_tag=PMT9312_1911],[protein_id=PMT9312_1911],[gene=None],[protein=Hypothetical protein]
[locus_tag=PMT9312_1174],[protein_id=PMT9312_1174],[gene=None],[protein=hypothetical protein]
[locus_tag=PMT9312_1175],[protein_id=PMT9312_1175],[gene=None],[protein=conserved hypothetical protein]
[locus_tag=PMT9312_1912],[protein_id=PMT9312_1912],[gene=None],[protein=Conserved hypothetical protein]
[locus_tag=PMT9312_1177],[protein_id=PMT9312_1177],[gene=None],[protein=hypothetical protein]
[locus_tag=PMT9312_1178],[protein_id=PMT9312_1178],[gene=None],[protein=conserved hypothetical protein]
[locus_tag=PMT9312_1180],[protein_id=PMT9312_1180],[gene=None],[protein=hypothetical protein]
[locus_tag=PMT9312_1184],[protein_id=PMT9312_1184],[gene=None],[protein=hypothetical protein]
[locus_tag=PMT9312_1186],[protein_id=PMT9312_1186],[gene=None],"[protein=type 4 prepilin peptidase 1, Aspartic peptidase, MEROPS family A24A]"
[locus_tag=PMT9312_1188],[protein_id=PMT9312_1188],[gene=None],[protein=twitching motility protein]
[locus_tag=PMT9312_1189],[protein_id=PMT9312_1189],[gene=None],[protein=Type II secretory pathway ATPase PulE/Tfp pilus assembly pathway ATPase PilB-like protein]
[locus_tag=PMT9312_1190],[protein_id=PMT9312_1190],[gene=None],[protein=hypothetical protein]
[locus_tag=PMT9312_1191],[protein_id=PMT9312_1191],[gene=None],[protein=hypothetical protein]
[locus_tag=PMT9312_1192],[protein_id=PMT9312_1192],[gene=None],[protein=hypothetical protein]
[locus_tag=PMT9312_1193],[protein_id=PMT9312_1193],[gene=None],[protein=hypothetical protein]
[locus_tag=PMT9312_1194],[protein_id=PMT9312_1194],[gene=None],[protein=Type II secretory pathway component PulD-like protein]
[locus_tag=PMT9312_1195],[protein_id=PMT9312_1195],[gene=None],[protein=hypothetical protein]
[locus_tag=PMT9312_1196],[protein_id=PMT9312_1196],[gene=None],[protein=hypothetical protein]
[locus_tag=PMT9312_1197],[protein_id=PMT9312_1197],[gene=None],[protein=hypothetical protein]
[locus_tag=PMT9312_1198],[protein_id=PMT9312_1198],[gene=None],[protein=hypothetical protein]
[locus_tag=PMT9312_1199],[protein_id=PMT9312_1199],[gene=None],[protein=hypothetical protein]
[locus_tag=PMT9312_1200],[protein_id=PMT9312_1200],[gene=None],[protein=hypothetical protein]
[locus_tag=PMT9312_1201],[protein_id=PMT9312_1201],[gene=None],[protein=Tfp pilus assembly protein PilE-like protein]
[locus_tag=PMT9312_1203],[protein_id=PMT9312_1203],[gene=None],[protein=hypothetical protein]
[locus_tag=PMT9312_1914],[protein_id=PMT9312_1914],[gene=None],[protein=Conserved hypothetical protein]
[locus_tag=PMT9312_1208],[protein_id=PMT9312_1208],[gene=None],[protein=hypothetical protein]
[locus_tag=PMT9312_1916],[protein_id=PMT9312_1916],[gene=None],[protein=Hypothetical protein]
[locus_tag=PMT9312_1918],[protein_id=PMT9312_1918],[gene=None],[protein=Conserved hypothetical protein]
[locus_tag=PMT9312_1919],[protein_id=PMT9312_1919],[gene=None],[protein=Conserved hypothetical protein]
[locus_tag=PMT9312_1210],[protein_id=PMT9312_1210],[gene=None],[protein=hypothetical protein]
[locus_tag=PMT9312_1920],[protein_id=PMT9312_1920],[gene=None],[protein=Hypothetical protein]
[locus_tag=PMT9312_1813],[protein_id=PMT9312_1813],[gene=None],[protein=conserved hypothetical protein]
[locus_tag=PMT9312_1921],[protein_id=PMT9312_1921],[gene=None],[protein=Conserved hypothetical protein]
[locus_tag=PMT9312_1216],[protein_id=PMT9312_1216],[gene=None],[protein=hypothetical protein]
[locus_tag=PMT9312_1922],[protein_id=PMT9312_1922],[gene=None],[protein=Conserved hypothetical protein]
[locus_tag=PMT9312_1217],[protein_id=PMT9312_1217],[gene=None],[protein=hypothetical protein]
[locus_tag=PMT9312_1923],[protein_id=PMT9312_1923],[gene=None],[protein=Conserved hypothetical protein]
[locus_tag=PMT9312_1924],[protein_id=PMT9312_1924],[gene=None],[protein=Conserved hypothetical protein]
[locus_tag=PMT9312_1218],[protein_id=PMT9312_1218],[gene=None],[protein=hypothetical protein]
[locus_tag=PMT9312_1925],[protein_id=PMT9312_1925],[gene=None],[protein=Hypothetical protein]
[locus_tag=PMT9312_1926],[protein_id=PMT9312_1926],[gene=None],[protein=Conserved hypothetical protein]
[locus_tag=PMT9312_1927],[protein_id=PMT9312_1927],[gene=None],[protein=Conserved hypothetical protein]
[locus_tag=PMT9312_1928],[protein_id=PMT9312_1928],[gene=None],[protein=Conserved hypothetical protein]
[locus_tag=PMT9312_1220],[protein_id=PMT9312_1220],[gene=None],[protein=hypothetical protein]
[locus_tag=PMT9312_1221],[protein_id=PMT9312_1221],[gene=None],[protein=protein family PM-11]
[locus_tag=PMT9312_1222],[protein_id=PMT9312_1222],[gene=None],[protein=conserved hypothetical protein]
[locus_tag=PMT9312_1929],[protein_id=PMT9312_1929],[gene=None],[protein=Conserved hypothetical protein]
[locus_tag=PMT9312_1226],[protein_id=PMT9312_1226],[gene=None],[protein=hypothetical protein]
[locus_tag=PMT9312_1227],[protein_id=PMT9312_1227],[gene=None],[protein=phosphatidylinositol-specific-like protein]
[locus_tag=PMT9312_1229],[protein_id=PMT9312_1229],[gene=None],[protein=high light inducible protein-like protein]
[locus_tag=PMT9312_1230],[protein_id=PMT9312_1230],[gene=None],[protein=high light inducible protein-like protein]
[locus_tag=PMT9312_1930],[protein_id=PMT9312_1930],[gene=None],[protein=Conserved hypothetical protein]
[locus_tag=PMT9312_1232],[protein_id=PMT9312_1232],[gene=None],[protein=uncharacterized protein family UPF005]
[locus_tag=PMT9312_1233],[protein_id=PMT9312_1233],[gene=None],[protein=cytochrome b/b6/PetD-like protein]
[locus_tag=PMT9312_1931],[protein_id=PMT9312_1931],[gene=None],[protein=Conserved hypothetical protein]
[locus_tag=PMT9312_1932],[protein_id=PMT9312_1932],[gene=None],[protein=Conserved hypothetical protein]
[locus_tag=PMT9312_1933],[protein_id=PMT9312_1933],[gene=None],[protein=Conserved hypothetical protein]
[locus_tag=PMT9312_1239],[protein_id=PMT9312_1239],[gene=None],[protein=high light inducible protein-like protein]
[locus_tag=PMT9312_1251],[protein_id=PMT9312_1251],[gene=None],[protein=cytochrome b6-F complex subunit VII]
[locus_tag=PMT9312_1934],[protein_id=PMT9312_1934],[gene=None],[protein=Conserved hypothetical protein]
[locus_tag=PMT9312_1269],[protein_id=PMT9312_1269],[gene=None],[protein=conserved hypothetical protein]
[locus_tag=PMT9312_1274],[protein_id=PMT9312_1274],[gene=None],[protein=conserved hypothetical protein]
[locus_tag=PMT9312_1277],[protein_id=PMT9312_1277],[gene=None],"[protein=helix-turn-helix protein, CopG family-like protein]"
[locus_tag=PMT9312_1284],[protein_id=PMT9312_1284],[gene=None],[protein=LSU ribosomal protein L34P]
[locus_tag=PMT9312_1935],[protein_id=PMT9312_1935],[gene=None],[protein=Hypothetical protein]
[locus_tag=PMT9312_1295],[protein_id=PMT9312_1295],[gene=None],[protein=conserved hypothetical protein]
[locus_tag=PMT9312_1301],[protein_id=PMT9312_1301],[gene=None],[protein=Glycosyltransferase-like protein]
[locus_tag=PMT9312_1306],[protein_id=PMT9312_1306],[gene=None],"[protein=nucleotide-diphosphate-sugar epimerase, membrane associated]"
[locus_tag=PMT9312_1307],[protein_id=PMT9312_1307],[gene=None],[protein=Glycosyltransferase-like protein]
[locus_tag=PMT9312_1308],[protein_id=PMT9312_1308],[gene=None],[protein=hypothetical protein]
[locus_tag=PMT9312_1309],[protein_id=PMT9312_1309],[gene=None],[protein=hypothetical protein]
[locus_tag=PMT9312_1310],[protein_id=PMT9312_1310],[gene=None],[protein=hypothetical protein]
[locus_tag=PMT9312_1318],[protein_id=PMT9312_1318],[gene=None],[protein=hypothetical protein]
[locus_tag=PMT9312_1320],[protein_id=PMT9312_1320],[gene=None],[protein=Glycosyltransferase-like protein]
[locus_tag=PMT9312_1321],[protein_id=PMT9312_1321],[gene=None],[protein=hypothetical protein]
[locus_tag=PMT9312_1322],[protein_id=PMT9312_1322],[gene=None],[protein=hypothetical protein]
[locus_tag=PMT9312_1325],[protein_id=PMT9312_1325],[gene=None],[protein=hypothetical protein]
[locus_tag=PMT9312_1326],[protein_id=PMT9312_1326],[gene=None],[protein=hypothetical protein]
[locus_tag=PMT9312_1327],[protein_id=PMT9312_1327],[gene=None],[protein=hypothetical protein]
[locus_tag=PMT9312_1328],[protein_id=PMT9312_1328],[gene=None],[protein=hypothetical protein]
[locus_tag=PMT9312_1814],[protein_id=PMT9312_1814],[gene=None],[protein=hypothetical protein]
[locus_tag=PMT9312_1330],[protein_id=PMT9312_1330],[gene=None],[protein=hypothetical protein]
[locus_tag=PMT9312_1331],[protein_id=PMT9312_1331],[gene=None],[protein=hypothetical protein]
[locus_tag=PMT9312_1335],[protein_id=PMT9312_1335],[gene=None],[protein=histidinol-phosphate phosphatase]
[locus_tag=PMT9312_1336],[protein_id=PMT9312_1336],[gene=None],[protein=conserved hypothetical protein]
[locus_tag=PMT9312_1337],[protein_id=PMT9312_1337],[gene=None],[protein=phosphoheptose isomerase]
[locus_tag=PMT9312_1338],[protein_id=PMT9312_1338],[gene=None],[protein=hypothetical protein]
[locus_tag=PMT9312_1339],[protein_id=PMT9312_1339],[gene=None],[protein=hypothetical protein]
[locus_tag=PMT9312_1340],[protein_id=PMT9312_1340],[gene=None],[protein=N-acetylneuraminate synthase]
[locus_tag=PMT9312_1341],[protein_id=PMT9312_1341],[gene=None],[protein=CMP-N-acetylneuraminic acid synthetase-like protein]
[locus_tag=PMT9312_1342],[protein_id=PMT9312_1342],[gene=None],[protein=hypothetical protein]
[locus_tag=PMT9312_1343],[protein_id=PMT9312_1343],[gene=None],[protein=hypothetical protein]
[locus_tag=PMT9312_1344],[protein_id=PMT9312_1344],[gene=None],[protein=hypothetical protein]
[locus_tag=PMT9312_1345],[protein_id=PMT9312_1345],[gene=None],[protein=hypothetical protein]
[locus_tag=PMT9312_1346],[protein_id=PMT9312_1346],[gene=None],[protein=N-acetylneuraminate synthase]
[locus_tag=PMT9312_1347],[protein_id=PMT9312_1347],[gene=None],[protein=phosphoheptose isomerase]
[locus_tag=PMT9312_1348],[protein_id=PMT9312_1348],[gene=None],[protein=conserved hypothetical protein]
[locus_tag=PMT9312_1349],[protein_id=PMT9312_1349],[gene=None],[protein=putative acylneuraminate cytidylyltransferase]
[locus_tag=PMT9312_1353],[protein_id=PMT9312_1353],[gene=None],[protein=hypothetical protein]
[locus_tag=PMT9312_1936],[protein_id=PMT9312_1936],[gene=None],[protein=Hypothetical protein]
[locus_tag=PMT9312_1355],[protein_id=PMT9312_1355],[gene=None],[protein=Uncharacterized protein involved in exopolysaccharide biosynthesis-like protein]
[locus_tag=PMT9312_1371],[protein_id=PMT9312_1371],[gene=None],[protein=conserved hypothetical protein]
[locus_tag=PMT9312_1375],[protein_id=PMT9312_1375],[gene=None],[protein=polysaccharide export-related periplasmic protein]
[locus_tag=PMT9312_1407],[protein_id=PMT9312_1407],[gene=None],[protein=hypothetical protein]
[locus_tag=PMT9312_1416],[protein_id=PMT9312_1416],[gene=None],[protein=conserved hypothetical protein]
[locus_tag=PMT9312_1417],[protein_id=PMT9312_1417],[gene=None],[protein=beta-lactamase-like protein]
[locus_tag=PMT9312_1418],[protein_id=PMT9312_1418],[gene=None],[protein=conserved hypothetical protein]
[locus_tag=PMT9312_1455],[protein_id=PMT9312_1455],[gene=None],[protein=steroid 5-alpha reductase-like protein]
[locus_tag=PMT9312_1938],[protein_id=PMT9312_1938],[gene=None],[protein=Conserved hypothetical protein]
[locus_tag=PMT9312_1460],[protein_id=PMT9312_1460],[gene=None],[protein=conserved hypothetical protein]
[locus_tag=PMT9312_1462],[protein_id=PMT9312_1462],[gene=None],[protein=MATH domain-like protein]
[locus_tag=PMT9312_1940],[protein_id=PMT9312_1940],[gene=None],[protein=Conserved hypothetical protein]
[locus_tag=PMT9312_1941],[protein_id=PMT9312_1941],[gene=None],[protein=Conserved hypothetical protein]
[locus_tag=PMT9312_1942],[protein_id=PMT9312_1942],[gene=None],[protein=Conserved hypothetical protein]
[locus_tag=PMT9312_1469],[protein_id=PMT9312_1469],[gene=None],[protein=conserved hypothetical protein]
[locus_tag=PMT9312_1943],[protein_id=PMT9312_1943],[gene=None],[protein=Conserved hypothetical protein]
[locus_tag=PMT9312_1944],[protein_id=PMT9312_1944],[gene=None],[protein=Conserved hypothetical protein]
[locus_tag=PMT9312_1945],[protein_id=PMT9312_1945],[gene=None],[protein=Conserved hypothetical protein]
[locus_tag=PMT9312_1946],[protein_id=PMT9312_1946],[gene=None],[protein=Conserved hypothetical protein]
[locus_tag=PMT9312_1470],[protein_id=PMT9312_1470],[gene=None],[protein=conserved hypothetical protein]
[locus_tag=PMT9312_1471],[protein_id=PMT9312_1471],[gene=None],[protein=type I restriction modification DNA-like protein]
[locus_tag=PMT9312_1472],[protein_id=PMT9312_1472],[gene=None],[protein=M protein repeat-like protein]
[locus_tag=PMT9312_1947],[protein_id=PMT9312_1947],[gene=None],[protein=Conserved hypothetical protein]
[locus_tag=PMT9312_1948],[protein_id=PMT9312_1948],[gene=None],[protein=Conserved hypothetical protein]
[locus_tag=PMT9312_1949],[protein_id=PMT9312_1949],[gene=None],[protein=Conserved hypothetical protein]
[locus_tag=PMT9312_1950],[protein_id=PMT9312_1950],[gene=None],[protein=Conserved hypothetical protein]
[locus_tag=PMT9312_1478],[protein_id=PMT9312_1478],[gene=None],[protein=hypothetical protein]
[locus_tag=PMT9312_1479],[protein_id=PMT9312_1479],[gene=None],[protein=high light inducible protein-like protein]
[locus_tag=PMT9312_1480],[protein_id=PMT9312_1480],[gene=None],[protein=high light inducible protein-like protein]
[locus_tag=PMT9312_1951],[protein_id=PMT9312_1951],[gene=None],[protein=Conserved hypothetical protein]
[locus_tag=PMT9312_1952],[protein_id=PMT9312_1952],[gene=None],[protein=Conserved hypothetical protein]
[locus_tag=PMT9312_1484],[protein_id=PMT9312_1484],[gene=None],[protein=hypothetical protein]
[locus_tag=PMT9312_1485],[protein_id=PMT9312_1485],[gene=None],[protein=carbon storage regulator-like protein]
[locus_tag=PMT9312_1487],[protein_id=PMT9312_1487],[gene=None],"[protein=regulatory protein, DeoR-like protein]"
[locus_tag=PMT9312_1953],[protein_id=PMT9312_1953],[gene=None],[protein=Conserved hypothetical protein]
[locus_tag=PMT9312_1488],[protein_id=PMT9312_1488],[gene=None],[protein=hypothetical protein]
[locus_tag=PMT9312_1954],[protein_id=PMT9312_1954],[gene=None],[protein=Conserved hypothetical protein]
[locus_tag=PMT9312_1956],[protein_id=PMT9312_1956],[gene=None],[protein=Conserved hypothetical protein]
[locus_tag=PMT9312_1957],[protein_id=PMT9312_1957],[gene=None],[protein=Conserved hypothetical protein]
[locus_tag=PMT9312_1958],[protein_id=PMT9312_1958],[gene=None],[protein=Conserved hypothetical protein]
[locus_tag=PMT9312_1489],[protein_id=PMT9312_1489],[gene=None],[protein=conserved hypothetical protein]
[locus_tag=PMT9312_1959],[protein_id=PMT9312_1959],[gene=None],[protein=Conserved hypothetical protein]
[locus_tag=PMT9312_1490],[protein_id=PMT9312_1490],[gene=None],[protein=virion host shutoff protein-like protein]
[locus_tag=PMT9312_1960],[protein_id=PMT9312_1960],[gene=None],[protein=Conserved hypothetical protein]
[locus_tag=PMT9312_1491],[protein_id=PMT9312_1491],[gene=None],[protein=high light inducible protein-like protein]
[locus_tag=PMT9312_1961],[protein_id=PMT9312_1961],[gene=None],[protein=Hypothetical protein]
[locus_tag=PMT9312_1492],[protein_id=PMT9312_1492],[gene=None],[protein=protein family PM-14]
[locus_tag=PMT9312_1962],[protein_id=PMT9312_1962],[gene=None],[protein=Conserved hypothetical protein]
[locus_tag=PMT9312_1497],[protein_id=PMT9312_1497],[gene=None],[protein=dienelactone hydrolase]
[locus_tag=PMT9312_1963],[protein_id=PMT9312_1963],[gene=None],[protein=Conserved hypothetical protein]
[locus_tag=PMT9312_1964],[protein_id=PMT9312_1964],[gene=None],[protein=Conserved hypothetical protein]
[locus_tag=PMT9312_1498],[protein_id=PMT9312_1498],[gene=None],[protein=conserved hypothetical protein]
[locus_tag=PMT9312_1502],[protein_id=PMT9312_1502],[gene=None],[protein=conserved hypothetical protein]
[locus_tag=PMT9312_1965],[protein_id=PMT9312_1965],[gene=None],[protein=Conserved hypothetical protein]
[locus_tag=PMT9312_1504],[protein_id=PMT9312_1504],[gene=None],[protein=conserved hypothetical protein]
[locus_tag=PMT9312_1505],[protein_id=PMT9312_1505],[gene=None],[protein=hypothetical protein]
[locus_tag=PMT9312_1508],[protein_id=PMT9312_1508],[gene=None],[protein=high light inducible protein-like protein]
[locus_tag=PMT9312_1509],[protein_id=PMT9312_1509],[gene=None],[protein=high light inducible protein-like protein]
[locus_tag=PMT9312_1511],[protein_id=PMT9312_1511],[gene=None],[protein=hypothetical protein]
[locus_tag=PMT9312_1514],[protein_id=PMT9312_1514],[gene=None],[protein=protein family PM-12]
[locus_tag=PMT9312_1518],[protein_id=PMT9312_1518],[gene=None],[protein=twin-arginine translocation pathway signal sequence domain protein]
[locus_tag=PMT9312_1966],[protein_id=PMT9312_1966],[gene=None],[protein=Conserved hypothetical protein]
[locus_tag=PMT9312_1520],[protein_id=PMT9312_1520],[gene=None],[protein=poly A polymerase regulatory subunit-like protein]
[locus_tag=PMT9312_1534],[protein_id=PMT9312_1534],[gene=None],[protein=conserved hypothetical protein]
[locus_tag=PMT9312_1588],[protein_id=PMT9312_1588],[gene=None],[protein=conserved hypothetical protein]
[locus_tag=PMT9312_1589],[protein_id=PMT9312_1589],[gene=None],"[protein=glycosyl transferase, family 2]"
[locus_tag=PMT9312_1607],[protein_id=PMT9312_1607],[gene=None],[protein=site-specific recombinase]
[locus_tag=PMT9312_1608],[protein_id=PMT9312_1608],[gene=None],[protein=conserved hypothetical protein]
[locus_tag=PMT9312_1613],[protein_id=PMT9312_1613],[gene=None],[protein=annexin-like protein]
[locus_tag=PMT9312_1619],[protein_id=PMT9312_1619],[gene=None],[protein=hypothetical protein]
[locus_tag=PMT9312_1659],[protein_id=PMT9312_1659],[gene=None],[protein=conserved hypothetical protein]
[locus_tag=PMT9312_1679],[protein_id=PMT9312_1679],[gene=None],[protein=conserved hypothetical protein]
[locus_tag=PMT9312_1705],[protein_id=PMT9312_1705],[gene=None],[protein=conserved hypothetical protein]
[locus_tag=PMT9312_1724],[protein_id=PMT9312_1724],[gene=None],[protein=conserved hypothetical protein]
[locus_tag=PMT9312_1726],[protein_id=PMT9312_1726],[gene=None],[protein=conserved hypothetical protein]
[locus_tag=PMT9312_1736],[protein_id=PMT9312_1736],[gene=None],[protein=putative photosystem II PsbZ protein]
[locus_tag=PMT9312_1969],[protein_id=PMT9312_1969],[gene=None],[protein=Hypothetical protein]
[locus_tag=PMT9312_1763],[protein_id=PMT9312_1763],[gene=None],[protein=conserved hypothetical protein]
[locus_tag=PMT9312_1772],[protein_id=PMT9312_1772],[gene=None],[protein=ATP-dependent DNA ligase]
